,Account,Compound,Date,Negative,Neutral,Positive,Tweets Ago
0,@BBCnews,-0.4767,Fri Jun 08 01:24:52 +0000 2018,0.744,0.256,0.0,0
1,@BBCnews,-0.6705,Fri Jun 08 01:24:52 +0000 2018,0.522,0.478,0.0,1
2,@BBCnews,0.4939,Fri Jun 08 01:24:51 +0000 2018,0.714,0.0,0.286,2
3,@BBCnews,0.2732,Fri Jun 08 01:24:51 +0000 2018,0.792,0.0,0.208,3
4,@BBCnews,0.0,Fri Jun 08 01:24:51 +0000 2018,1.0,0.0,0.0,4
5,@BBCnews,0.0,Fri Jun 08 01:24:51 +0000 2018,1.0,0.0,0.0,5
6,@BBCnews,0.0,Fri Jun 08 01:22:28 +0000 2018,1.0,0.0,0.0,6
7,@BBCnews,0.0,Fri Jun 08 01:22:28 +0000 2018,1.0,0.0,0.0,7
8,@BBCnews,0.0,Fri Jun 08 01:22:26 +0000 2018,1.0,0.0,0.0,8
9,@BBCnews,0.5719,Fri Jun 08 01:22:26 +0000 2018,0.709,0.0,0.291,9
10,@BBCnews,0.4939,Fri Jun 08 00:27:14 +0000 2018,0.738,0.0,0.262,10
11,@BBCnews,-0.6808,Fri Jun 08 00:09:54 +0000 2018,0.556,0.444,0.0,11
12,@BBCnews,0.0,Fri Jun 08 00:00:28 +0000 2018,1.0,0.0,0.0,12
13,@BBCnews,-0.6908,Thu Jun 07 23:53:15 +0000 2018,0.551,0.449,0.0,13
14,@BBCnews,-0.5423,Thu Jun 07 23:18:50 +0000 2018,0.53,0.351,0.119,14
15,@BBCnews,-0.296,Thu Jun 07 22:52:28 +0000 2018,0.845,0.155,0.0,15
16,@BBCnews,0.34,Thu Jun 07 22:45:31 +0000 2018,0.833,0.0,0.167,16
17,@BBCnews,0.1779,Thu Jun 07 22:45:31 +0000 2018,0.892,0.0,0.108,17
18,@BBCnews,-0.1027,Thu Jun 07 22:30:55 +0000 2018,0.811,0.189,0.0,18
19,@BBCnews,0.0,Thu Jun 07 22:08:13 +0000 2018,1.0,0.0,0.0,19
20,@BBCnews,-0.3818,Thu Jun 07 21:47:30 +0000 2018,0.843,0.157,0.0,0
21,@BBCnews,0.0,Thu Jun 07 21:46:59 +0000 2018,1.0,0.0,0.0,1
22,@BBCnews,-0.8,Thu Jun 07 21:46:42 +0000 2018,0.574,0.426,0.0,2
23,@BBCnews,-0.4939,Thu Jun 07 21:46:32 +0000 2018,0.758,0.242,0.0,3
24,@BBCnews,-0.3182,Thu Jun 07 21:46:15 +0000 2018,0.796,0.204,0.0,4
25,@BBCnews,0.0,Thu Jun 07 21:45:57 +0000 2018,1.0,0.0,0.0,5
26,@BBCnews,0.0,Thu Jun 07 21:45:43 +0000 2018,1.0,0.0,0.0,6
27,@BBCnews,-0.7783,Thu Jun 07 21:45:27 +0000 2018,0.657,0.343,0.0,7
28,@BBCnews,0.0,Thu Jun 07 21:44:57 +0000 2018,1.0,0.0,0.0,8
29,@BBCnews,0.0,Thu Jun 07 21:44:17 +0000 2018,1.0,0.0,0.0,9
30,@BBCnews,-0.3818,Thu Jun 07 21:41:02 +0000 2018,0.776,0.224,0.0,10
31,@BBCnews,0.0,Thu Jun 07 21:38:37 +0000 2018,1.0,0.0,0.0,11
32,@BBCnews,0.0,Thu Jun 07 21:10:37 +0000 2018,1.0,0.0,0.0,12
33,@BBCnews,0.0,Thu Jun 07 21:02:51 +0000 2018,1.0,0.0,0.0,13
34,@BBCnews,0.5267,Thu Jun 07 20:56:59 +0000 2018,0.787,0.059,0.154,14
35,@BBCnews,0.0,Thu Jun 07 20:53:33 +0000 2018,1.0,0.0,0.0,15
36,@BBCnews,0.0,Thu Jun 07 20:48:32 +0000 2018,1.0,0.0,0.0,16
37,@BBCnews,0.2225,Thu Jun 07 20:41:50 +0000 2018,0.921,0.0,0.079,17
38,@BBCnews,0.0,Thu Jun 07 20:41:32 +0000 2018,1.0,0.0,0.0,18
39,@BBCnews,0.1531,Thu Jun 07 20:38:53 +0000 2018,0.849,0.0,0.151,19
40,@BBCnews,0.0,Thu Jun 07 20:38:51 +0000 2018,1.0,0.0,0.0,0
41,@BBCnews,-0.765,Thu Jun 07 20:36:32 +0000 2018,0.476,0.524,0.0,1
42,@BBCnews,-0.5106,Thu Jun 07 20:36:32 +0000 2018,0.645,0.355,0.0,2
43,@BBCnews,0.0,Thu Jun 07 20:34:02 +0000 2018,1.0,0.0,0.0,3
44,@BBCnews,-0.8555,Thu Jun 07 19:51:17 +0000 2018,0.455,0.545,0.0,4
45,@BBCnews,0.34,Thu Jun 07 19:44:18 +0000 2018,0.833,0.0,0.167,5
46,@BBCnews,0.0,Thu Jun 07 19:24:10 +0000 2018,1.0,0.0,0.0,6
47,@BBCnews,0.25,Thu Jun 07 19:17:26 +0000 2018,0.517,0.198,0.284,7
48,@BBCnews,0.0,Thu Jun 07 19:16:16 +0000 2018,1.0,0.0,0.0,8
49,@BBCnews,-0.128,Thu Jun 07 18:56:24 +0000 2018,0.88,0.12,0.0,9
50,@BBCnews,0.0,Thu Jun 07 18:54:06 +0000 2018,1.0,0.0,0.0,10
51,@BBCnews,0.0,Thu Jun 07 18:32:18 +0000 2018,1.0,0.0,0.0,11
52,@BBCnews,-0.1027,Thu Jun 07 18:18:36 +0000 2018,0.909,0.091,0.0,12
53,@BBCnews,0.4404,Thu Jun 07 17:55:43 +0000 2018,0.86,0.0,0.14,13
54,@BBCnews,-0.0516,Thu Jun 07 17:43:59 +0000 2018,0.946,0.054,0.0,14
55,@BBCnews,-0.6486,Thu Jun 07 17:20:26 +0000 2018,0.65,0.35,0.0,15
56,@BBCnews,0.0,Thu Jun 07 17:05:26 +0000 2018,1.0,0.0,0.0,16
57,@BBCnews,0.0,Thu Jun 07 17:05:05 +0000 2018,1.0,0.0,0.0,17
58,@BBCnews,0.0,Thu Jun 07 16:55:48 +0000 2018,1.0,0.0,0.0,18
59,@BBCnews,0.34,Thu Jun 07 16:48:34 +0000 2018,0.745,0.0,0.255,19
60,@BBCnews,-0.8885,Thu Jun 07 16:48:34 +0000 2018,0.276,0.724,0.0,0
61,@BBCnews,0.4939,Thu Jun 07 16:46:20 +0000 2018,0.738,0.0,0.262,1
62,@BBCnews,0.3612,Thu Jun 07 16:44:09 +0000 2018,0.619,0.124,0.257,2
63,@BBCnews,0.0,Thu Jun 07 16:44:09 +0000 2018,1.0,0.0,0.0,3
64,@BBCnews,-0.296,Thu Jun 07 16:36:36 +0000 2018,0.845,0.155,0.0,4
65,@BBCnews,0.0,Thu Jun 07 16:05:32 +0000 2018,1.0,0.0,0.0,5
66,@BBCnews,0.0,Thu Jun 07 16:05:30 +0000 2018,1.0,0.0,0.0,6
67,@BBCnews,0.0,Thu Jun 07 16:03:49 +0000 2018,1.0,0.0,0.0,7
68,@BBCnews,0.0,Thu Jun 07 15:50:21 +0000 2018,1.0,0.0,0.0,8
69,@BBCnews,0.0,Thu Jun 07 15:38:32 +0000 2018,1.0,0.0,0.0,9
70,@BBCnews,0.0772,Thu Jun 07 15:01:38 +0000 2018,0.843,0.0,0.157,10
71,@BBCnews,0.0,Thu Jun 07 15:01:38 +0000 2018,1.0,0.0,0.0,11
72,@BBCnews,0.0258,Thu Jun 07 14:53:53 +0000 2018,0.909,0.0,0.091,12
73,@BBCnews,-0.1796,Thu Jun 07 14:33:57 +0000 2018,0.568,0.241,0.191,13
74,@BBCnews,0.0,Thu Jun 07 14:23:44 +0000 2018,1.0,0.0,0.0,14
75,@BBCnews,0.1027,Thu Jun 07 14:06:02 +0000 2018,0.82,0.082,0.098,15
76,@BBCnews,0.0,Thu Jun 07 13:59:33 +0000 2018,1.0,0.0,0.0,16
77,@BBCnews,0.0,Thu Jun 07 13:13:37 +0000 2018,1.0,0.0,0.0,17
78,@BBCnews,0.0,Thu Jun 07 12:47:02 +0000 2018,1.0,0.0,0.0,18
79,@BBCnews,0.5859,Thu Jun 07 12:37:16 +0000 2018,0.678,0.0,0.322,19
80,@BBCnews,-0.3875,Thu Jun 07 12:27:48 +0000 2018,0.82,0.18,0.0,0
81,@BBCnews,0.2023,Thu Jun 07 12:23:09 +0000 2018,0.87,0.0,0.13,1
82,@BBCnews,-0.1027,Thu Jun 07 12:23:04 +0000 2018,0.877,0.123,0.0,2
83,@BBCnews,0.0772,Thu Jun 07 12:22:58 +0000 2018,0.949,0.0,0.051,3
84,@BBCnews,0.0,Thu Jun 07 12:11:07 +0000 2018,1.0,0.0,0.0,4
85,@BBCnews,0.0258,Thu Jun 07 12:01:12 +0000 2018,0.909,0.0,0.091,5
86,@BBCnews,0.5574,Thu Jun 07 11:52:25 +0000 2018,0.82,0.0,0.18,6
87,@BBCnews,0.0,Thu Jun 07 11:41:34 +0000 2018,1.0,0.0,0.0,7
88,@BBCnews,0.0,Thu Jun 07 11:39:46 +0000 2018,1.0,0.0,0.0,8
89,@BBCnews,-0.7845,Thu Jun 07 11:20:48 +0000 2018,0.504,0.496,0.0,9
90,@BBCnews,-0.34,Thu Jun 07 11:16:18 +0000 2018,0.745,0.255,0.0,10
91,@BBCnews,-0.4939,Thu Jun 07 11:06:50 +0000 2018,0.826,0.174,0.0,11
92,@BBCnews,-0.4019,Thu Jun 07 11:05:09 +0000 2018,0.87,0.13,0.0,12
93,@BBCnews,0.6249,Thu Jun 07 11:01:36 +0000 2018,0.812,0.0,0.188,13
94,@BBCnews,-0.296,Thu Jun 07 11:00:28 +0000 2018,0.761,0.239,0.0,14
95,@BBCnews,0.0,Thu Jun 07 11:00:24 +0000 2018,1.0,0.0,0.0,15
96,@BBCnews,0.1779,Thu Jun 07 10:45:01 +0000 2018,0.876,0.0,0.124,16
97,@BBCnews,0.1779,Thu Jun 07 10:41:38 +0000 2018,0.922,0.0,0.078,17
98,@BBCnews,0.0,Thu Jun 07 10:41:25 +0000 2018,1.0,0.0,0.0,18
99,@BBCnews,0.4767,Thu Jun 07 10:41:20 +0000 2018,0.709,0.0,0.291,19
100,@CBSnews,-0.5106,Thu Jun 07 10:39:51 +0000 2018,0.829,0.171,0.0,0
101,@CBSnews,-0.4588,Thu Jun 07 10:30:59 +0000 2018,0.787,0.153,0.06,1
102,@CBSnews,0.4404,Thu Jun 07 10:20:17 +0000 2018,0.828,0.0,0.172,2
103,@CBSnews,0.0,Thu Jun 07 10:03:05 +0000 2018,1.0,0.0,0.0,3
104,@CBSnews,0.0,Thu Jun 07 09:48:04 +0000 2018,1.0,0.0,0.0,4
105,@CBSnews,0.34,Thu Jun 07 09:33:03 +0000 2018,0.833,0.0,0.167,5
106,@CBSnews,0.0,Thu Jun 07 09:19:04 +0000 2018,1.0,0.0,0.0,6
107,@CBSnews,-0.296,Thu Jun 07 09:03:04 +0000 2018,0.804,0.196,0.0,7
108,@CBSnews,-0.4767,Thu Jun 07 08:48:04 +0000 2018,0.795,0.205,0.0,8
109,@CBSnews,0.0,Thu Jun 07 08:33:03 +0000 2018,1.0,0.0,0.0,9
110,@CBSnews,0.0516,Thu Jun 07 08:18:04 +0000 2018,0.632,0.178,0.19,10
111,@CBSnews,-0.6908,Thu Jun 07 08:03:06 +0000 2018,0.749,0.251,0.0,11
112,@CBSnews,-0.7906,Thu Jun 07 07:48:03 +0000 2018,0.562,0.438,0.0,12
113,@CBSnews,0.2023,Thu Jun 07 07:33:04 +0000 2018,0.816,0.0,0.184,13
114,@CBSnews,0.0,Thu Jun 07 07:18:04 +0000 2018,1.0,0.0,0.0,14
115,@CBSnews,-0.7096,Thu Jun 07 07:03:03 +0000 2018,0.651,0.349,0.0,15
116,@CBSnews,0.296,Thu Jun 07 06:48:05 +0000 2018,0.833,0.0,0.167,16
117,@CBSnews,0.0,Thu Jun 07 06:33:04 +0000 2018,1.0,0.0,0.0,17
118,@CBSnews,-0.3612,Thu Jun 07 06:18:04 +0000 2018,0.783,0.217,0.0,18
119,@CBSnews,-0.6808,Thu Jun 07 06:03:03 +0000 2018,0.699,0.301,0.0,19
120,@CBSnews,-0.4019,Thu Jun 07 05:48:03 +0000 2018,0.787,0.213,0.0,0
121,@CBSnews,-0.0516,Thu Jun 07 05:33:03 +0000 2018,0.915,0.085,0.0,1
122,@CBSnews,0.0,Thu Jun 07 05:18:04 +0000 2018,1.0,0.0,0.0,2
123,@CBSnews,-0.3818,Thu Jun 07 05:03:03 +0000 2018,0.822,0.178,0.0,3
124,@CBSnews,-0.6369,Thu Jun 07 04:48:05 +0000 2018,0.682,0.318,0.0,4
125,@CBSnews,-0.9246,Thu Jun 07 04:33:04 +0000 2018,0.427,0.573,0.0,5
126,@CBSnews,0.0,Thu Jun 07 04:18:04 +0000 2018,1.0,0.0,0.0,6
127,@CBSnews,-0.8555,Thu Jun 07 04:03:04 +0000 2018,0.543,0.457,0.0,7
128,@CBSnews,0.0,Thu Jun 07 03:48:06 +0000 2018,1.0,0.0,0.0,8
129,@CBSnews,-0.4767,Thu Jun 07 03:33:03 +0000 2018,0.795,0.205,0.0,9
130,@CBSnews,-0.7906,Thu Jun 07 03:18:03 +0000 2018,0.562,0.438,0.0,10
131,@CBSnews,-0.34,Thu Jun 07 02:54:55 +0000 2018,0.888,0.112,0.0,11
132,@CBSnews,-0.743,Thu Jun 07 02:29:35 +0000 2018,0.742,0.258,0.0,12
133,@CBSnews,0.7003,Thu Jun 07 02:10:12 +0000 2018,0.766,0.0,0.234,13
134,@CBSnews,0.0,Thu Jun 07 01:50:31 +0000 2018,1.0,0.0,0.0,14
135,@CBSnews,0.3612,Thu Jun 07 01:32:18 +0000 2018,0.884,0.0,0.116,15
136,@CBSnews,0.0,Thu Jun 07 01:04:45 +0000 2018,1.0,0.0,0.0,16
137,@CBSnews,0.0,Thu Jun 07 00:44:54 +0000 2018,1.0,0.0,0.0,17
138,@CBSnews,0.0,Thu Jun 07 00:41:14 +0000 2018,1.0,0.0,0.0,18
139,@CBSnews,0.0,Thu Jun 07 00:24:56 +0000 2018,1.0,0.0,0.0,19
140,@CBSnews,0.0,Thu Jun 07 00:04:33 +0000 2018,1.0,0.0,0.0,0
141,@CBSnews,0.0,Wed Jun 06 23:39:47 +0000 2018,1.0,0.0,0.0,1
142,@CBSnews,-0.7579,Wed Jun 06 23:19:36 +0000 2018,0.723,0.277,0.0,2
143,@CBSnews,0.3182,Wed Jun 06 23:15:01 +0000 2018,0.845,0.0,0.155,3
144,@CBSnews,-0.5574,Wed Jun 06 23:03:14 +0000 2018,0.833,0.167,0.0,4
145,@CBSnews,-0.5423,Wed Jun 06 23:01:02 +0000 2018,0.586,0.259,0.155,5
146,@CBSnews,-0.0516,Wed Jun 06 22:57:17 +0000 2018,0.938,0.062,0.0,6
147,@CBSnews,-0.4767,Wed Jun 06 22:54:17 +0000 2018,0.871,0.129,0.0,7
148,@CBSnews,0.0,Wed Jun 06 22:52:00 +0000 2018,1.0,0.0,0.0,8
149,@CBSnews,-0.4404,Wed Jun 06 22:50:06 +0000 2018,0.727,0.194,0.079,9
150,@CBSnews,-0.4019,Wed Jun 06 22:47:02 +0000 2018,0.876,0.124,0.0,10
151,@CBSnews,-0.128,Wed Jun 06 22:39:03 +0000 2018,0.757,0.135,0.108,11
152,@CBSnews,0.4404,Wed Jun 06 22:33:13 +0000 2018,0.888,0.0,0.112,12
153,@CBSnews,-0.7351,Wed Jun 06 22:21:16 +0000 2018,0.721,0.279,0.0,13
154,@CBSnews,0.296,Wed Jun 06 21:59:59 +0000 2018,0.901,0.0,0.099,14
155,@CBSnews,-0.3612,Wed Jun 06 21:09:31 +0000 2018,0.8,0.2,0.0,15
156,@CBSnews,0.765,Wed Jun 06 20:59:38 +0000 2018,0.732,0.0,0.268,16
157,@CBSnews,-0.4019,Wed Jun 06 20:32:39 +0000 2018,0.863,0.137,0.0,17
158,@CBSnews,0.0,Wed Jun 06 20:00:08 +0000 2018,1.0,0.0,0.0,18
159,@CBSnews,0.0516,Wed Jun 06 19:44:36 +0000 2018,0.714,0.138,0.147,19
160,@CBSnews,0.34,Wed Jun 06 19:30:01 +0000 2018,0.854,0.0,0.146,0
161,@CBSnews,-0.7184,Wed Jun 06 19:09:56 +0000 2018,0.591,0.339,0.07,1
162,@CBSnews,0.0,Wed Jun 06 19:02:37 +0000 2018,1.0,0.0,0.0,2
163,@CBSnews,0.0382,Wed Jun 06 18:55:40 +0000 2018,0.801,0.095,0.104,3
164,@CBSnews,-0.5423,Wed Jun 06 18:39:36 +0000 2018,0.696,0.304,0.0,4
165,@CBSnews,0.0,Wed Jun 06 18:25:38 +0000 2018,1.0,0.0,0.0,5
166,@CBSnews,-0.6486,Wed Jun 06 18:22:26 +0000 2018,0.798,0.202,0.0,6
167,@CBSnews,0.0,Wed Jun 06 18:12:31 +0000 2018,1.0,0.0,0.0,7
168,@CBSnews,-0.6908,Wed Jun 06 18:09:48 +0000 2018,0.769,0.231,0.0,8
169,@CBSnews,0.0,Wed Jun 06 17:49:57 +0000 2018,1.0,0.0,0.0,9
170,@CBSnews,-0.4215,Wed Jun 06 17:34:43 +0000 2018,0.833,0.167,0.0,10
171,@CBSnews,-0.0772,Wed Jun 06 17:21:41 +0000 2018,0.751,0.131,0.117,11
172,@CBSnews,-0.8689,Wed Jun 06 17:20:27 +0000 2018,0.57,0.43,0.0,12
173,@CBSnews,0.3612,Wed Jun 06 17:19:50 +0000 2018,0.884,0.0,0.116,13
174,@CBSnews,0.0,Wed Jun 06 17:15:10 +0000 2018,1.0,0.0,0.0,14
175,@CBSnews,0.3612,Wed Jun 06 17:03:14 +0000 2018,0.837,0.0,0.163,15
176,@CBSnews,-0.3818,Wed Jun 06 16:54:54 +0000 2018,0.874,0.126,0.0,16
177,@CBSnews,0.3612,Wed Jun 06 16:40:05 +0000 2018,0.889,0.0,0.111,17
178,@CBSnews,0.0,Wed Jun 06 16:33:09 +0000 2018,1.0,0.0,0.0,18
179,@CBSnews,0.0,Wed Jun 06 16:20:32 +0000 2018,1.0,0.0,0.0,19
180,@CBSnews,0.0,Wed Jun 06 16:06:44 +0000 2018,1.0,0.0,0.0,0
181,@CBSnews,-0.6705,Wed Jun 06 15:39:44 +0000 2018,0.693,0.251,0.056,1
182,@CBSnews,-0.296,Wed Jun 06 15:24:49 +0000 2018,0.879,0.121,0.0,2
183,@CBSnews,0.0,Wed Jun 06 15:09:40 +0000 2018,1.0,0.0,0.0,3
184,@CBSnews,0.1624,Wed Jun 06 14:55:13 +0000 2018,0.775,0.12,0.105,4
185,@CBSnews,0.0,Wed Jun 06 14:43:36 +0000 2018,1.0,0.0,0.0,5
186,@CBSnews,0.0,Wed Jun 06 14:39:48 +0000 2018,1.0,0.0,0.0,6
187,@CBSnews,0.0,Wed Jun 06 14:37:52 +0000 2018,1.0,0.0,0.0,7
188,@CBSnews,-0.4767,Wed Jun 06 14:20:56 +0000 2018,0.725,0.213,0.063,8
189,@CBSnews,0.0,Wed Jun 06 14:00:02 +0000 2018,1.0,0.0,0.0,9
190,@CBSnews,0.0,Wed Jun 06 13:45:13 +0000 2018,1.0,0.0,0.0,10
191,@CBSnews,0.0,Wed Jun 06 13:29:36 +0000 2018,1.0,0.0,0.0,11
192,@CBSnews,-0.7269,Wed Jun 06 13:16:19 +0000 2018,0.757,0.243,0.0,12
193,@CBSnews,0.7184,Wed Jun 06 13:00:27 +0000 2018,0.7,0.0,0.3,13
194,@CBSnews,0.0,Wed Jun 06 12:39:45 +0000 2018,1.0,0.0,0.0,14
195,@CBSnews,0.5719,Wed Jun 06 12:36:34 +0000 2018,0.829,0.0,0.171,15
196,@CBSnews,0.4168,Wed Jun 06 12:27:44 +0000 2018,0.824,0.0,0.176,16
197,@CBSnews,0.0,Wed Jun 06 12:21:48 +0000 2018,1.0,0.0,0.0,17
198,@CBSnews,0.4215,Wed Jun 06 12:15:31 +0000 2018,0.865,0.0,0.135,18
199,@CBSnews,0.0,Wed Jun 06 12:09:34 +0000 2018,1.0,0.0,0.0,19
200,@FoxNews,-0.5859,Wed Jun 06 12:04:39 +0000 2018,0.826,0.174,0.0,0
201,@FoxNews,-0.3818,Wed Jun 06 12:02:00 +0000 2018,0.885,0.115,0.0,1
202,@FoxNews,-0.1779,Wed Jun 06 11:52:58 +0000 2018,0.892,0.108,0.0,2
203,@FoxNews,0.5106,Wed Jun 06 11:48:50 +0000 2018,0.852,0.0,0.148,3
204,@FoxNews,0.0,Wed Jun 06 11:45:00 +0000 2018,1.0,0.0,0.0,4
205,@FoxNews,0.0,Wed Jun 06 11:43:00 +0000 2018,1.0,0.0,0.0,5
206,@FoxNews,0.0,Wed Jun 06 11:29:36 +0000 2018,1.0,0.0,0.0,6
207,@FoxNews,0.5267,Wed Jun 06 11:24:23 +0000 2018,0.746,0.0,0.254,7
208,@FoxNews,0.0,Wed Jun 06 11:10:00 +0000 2018,1.0,0.0,0.0,8
209,@FoxNews,0.5859,Wed Jun 06 11:05:00 +0000 2018,0.787,0.0,0.213,9
210,@FoxNews,0.0,Wed Jun 06 10:58:35 +0000 2018,1.0,0.0,0.0,10
211,@FoxNews,-0.7845,Wed Jun 06 10:51:35 +0000 2018,0.566,0.434,0.0,11
212,@FoxNews,-0.8176,Wed Jun 06 10:46:14 +0000 2018,0.595,0.405,0.0,12
213,@FoxNews,0.34,Wed Jun 06 10:39:04 +0000 2018,0.769,0.0,0.231,13
214,@FoxNews,0.0,Wed Jun 06 10:34:41 +0000 2018,1.0,0.0,0.0,14
215,@FoxNews,0.0,Wed Jun 06 10:27:24 +0000 2018,1.0,0.0,0.0,15
216,@FoxNews,0.0,Wed Jun 06 10:15:31 +0000 2018,1.0,0.0,0.0,16
217,@FoxNews,-0.4404,Wed Jun 06 10:00:27 +0000 2018,0.756,0.244,0.0,17
218,@FoxNews,-0.4767,Wed Jun 06 09:50:59 +0000 2018,0.807,0.193,0.0,18
219,@FoxNews,-0.4588,Wed Jun 06 09:37:40 +0000 2018,0.786,0.214,0.0,19
220,@FoxNews,-0.1531,Wed Jun 06 09:26:14 +0000 2018,0.873,0.127,0.0,0
221,@FoxNews,0.7579,Wed Jun 06 09:22:00 +0000 2018,0.651,0.0,0.349,1
222,@FoxNews,0.0,Wed Jun 06 09:15:00 +0000 2018,1.0,0.0,0.0,2
223,@FoxNews,0.5859,Wed Jun 06 09:08:00 +0000 2018,0.769,0.0,0.231,3
224,@FoxNews,0.2732,Wed Jun 06 09:00:01 +0000 2018,0.877,0.0,0.123,4
225,@FoxNews,-0.1531,Wed Jun 06 08:50:00 +0000 2018,0.758,0.242,0.0,5
226,@FoxNews,0.836,Wed Jun 06 08:40:00 +0000 2018,0.603,0.0,0.397,6
227,@FoxNews,0.5267,Wed Jun 06 08:30:00 +0000 2018,0.746,0.0,0.254,7
228,@FoxNews,0.34,Wed Jun 06 08:20:00 +0000 2018,0.833,0.0,0.167,8
229,@FoxNews,0.0,Wed Jun 06 08:10:00 +0000 2018,1.0,0.0,0.0,9
230,@FoxNews,0.0,Wed Jun 06 08:00:01 +0000 2018,1.0,0.0,0.0,10
231,@FoxNews,0.0,Wed Jun 06 07:50:00 +0000 2018,1.0,0.0,0.0,11
232,@FoxNews,0.8555,Wed Jun 06 07:40:00 +0000 2018,0.641,0.0,0.359,12
233,@FoxNews,-0.6908,Wed Jun 06 07:30:00 +0000 2018,0.701,0.299,0.0,13
234,@FoxNews,0.0,Wed Jun 06 07:20:00 +0000 2018,1.0,0.0,0.0,14
235,@FoxNews,-0.7096,Wed Jun 06 07:10:01 +0000 2018,0.629,0.371,0.0,15
236,@FoxNews,0.0,Wed Jun 06 07:00:01 +0000 2018,1.0,0.0,0.0,16
237,@FoxNews,0.0,Wed Jun 06 06:55:00 +0000 2018,1.0,0.0,0.0,17
238,@FoxNews,0.9186,Wed Jun 06 06:50:00 +0000 2018,0.586,0.0,0.414,18
239,@FoxNews,0.4939,Wed Jun 06 06:45:31 +0000 2018,0.862,0.0,0.138,19
240,@FoxNews,-0.5267,Wed Jun 06 06:40:00 +0000 2018,0.784,0.216,0.0,0
241,@FoxNews,0.0,Wed Jun 06 06:35:00 +0000 2018,1.0,0.0,0.0,1
242,@FoxNews,0.0,Wed Jun 06 06:30:00 +0000 2018,1.0,0.0,0.0,2
243,@FoxNews,0.2023,Wed Jun 06 06:25:00 +0000 2018,0.899,0.0,0.101,3
244,@FoxNews,-0.1779,Wed Jun 06 06:20:00 +0000 2018,0.892,0.108,0.0,4
245,@FoxNews,0.0,Wed Jun 06 06:15:00 +0000 2018,1.0,0.0,0.0,5
246,@FoxNews,0.5994,Wed Jun 06 06:10:00 +0000 2018,0.794,0.0,0.206,6
247,@FoxNews,-0.6124,Wed Jun 06 06:05:00 +0000 2018,0.706,0.294,0.0,7
248,@FoxNews,-0.3869,Wed Jun 06 06:00:00 +0000 2018,0.884,0.116,0.0,8
249,@FoxNews,0.8126,Wed Jun 06 05:50:00 +0000 2018,0.697,0.0,0.303,9
250,@FoxNews,0.0,Wed Jun 06 05:45:00 +0000 2018,1.0,0.0,0.0,10
251,@FoxNews,0.6077,Wed Jun 06 05:40:00 +0000 2018,0.766,0.0,0.234,11
252,@FoxNews,-0.3612,Wed Jun 06 05:35:00 +0000 2018,0.839,0.161,0.0,12
253,@FoxNews,0.0762,Wed Jun 06 05:30:00 +0000 2018,0.788,0.1,0.112,13
254,@FoxNews,0.0,Wed Jun 06 05:25:00 +0000 2018,1.0,0.0,0.0,14
255,@FoxNews,0.5994,Wed Jun 06 05:20:00 +0000 2018,0.766,0.0,0.234,15
256,@FoxNews,0.5106,Wed Jun 06 05:15:00 +0000 2018,0.732,0.0,0.268,16
257,@FoxNews,0.6633,Wed Jun 06 05:10:00 +0000 2018,0.802,0.0,0.198,17
258,@FoxNews,0.34,Wed Jun 06 05:03:38 +0000 2018,0.833,0.0,0.167,18
259,@FoxNews,0.802,Wed Jun 06 05:00:01 +0000 2018,0.596,0.083,0.321,19
260,@FoxNews,0.5719,Wed Jun 06 04:59:59 +0000 2018,0.821,0.0,0.179,0
261,@FoxNews,0.0,Wed Jun 06 04:55:39 +0000 2018,1.0,0.0,0.0,1
262,@FoxNews,0.3818,Wed Jun 06 04:51:14 +0000 2018,0.885,0.0,0.115,2
263,@FoxNews,-0.296,Wed Jun 06 04:50:00 +0000 2018,0.82,0.18,0.0,3
264,@FoxNews,0.2732,Wed Jun 06 04:42:46 +0000 2018,0.877,0.0,0.123,4
265,@FoxNews,0.0,Wed Jun 06 04:40:00 +0000 2018,1.0,0.0,0.0,5
266,@FoxNews,0.4019,Wed Jun 06 04:37:43 +0000 2018,0.881,0.0,0.119,6
267,@FoxNews,0.2023,Wed Jun 06 04:32:33 +0000 2018,0.913,0.0,0.087,7
268,@FoxNews,-0.5994,Wed Jun 06 04:30:00 +0000 2018,0.822,0.178,0.0,8
269,@FoxNews,0.2023,Wed Jun 06 04:29:36 +0000 2018,0.909,0.0,0.091,9
270,@FoxNews,-0.25,Wed Jun 06 04:25:59 +0000 2018,0.875,0.125,0.0,10
271,@FoxNews,0.8979,Wed Jun 06 04:20:00 +0000 2018,0.595,0.0,0.405,11
272,@FoxNews,0.0,Wed Jun 06 04:17:33 +0000 2018,1.0,0.0,0.0,12
273,@FoxNews,-0.5267,Wed Jun 06 04:15:00 +0000 2018,0.805,0.195,0.0,13
274,@FoxNews,0.0,Wed Jun 06 04:10:00 +0000 2018,1.0,0.0,0.0,14
275,@FoxNews,-0.0516,Wed Jun 06 04:07:10 +0000 2018,0.574,0.221,0.205,15
276,@FoxNews,-0.4404,Wed Jun 06 04:05:00 +0000 2018,0.756,0.244,0.0,16
277,@FoxNews,0.0,Wed Jun 06 04:01:00 +0000 2018,1.0,0.0,0.0,17
278,@FoxNews,0.0258,Wed Jun 06 03:55:06 +0000 2018,0.776,0.11,0.114,18
279,@FoxNews,0.4588,Wed Jun 06 03:51:51 +0000 2018,0.875,0.0,0.125,19
280,@FoxNews,0.0,Wed Jun 06 03:47:53 +0000 2018,1.0,0.0,0.0,0
281,@FoxNews,0.7003,Wed Jun 06 03:36:57 +0000 2018,0.633,0.0,0.367,1
282,@FoxNews,-0.1027,Wed Jun 06 03:33:10 +0000 2018,0.903,0.097,0.0,2
283,@FoxNews,0.0,Wed Jun 06 03:26:31 +0000 2018,1.0,0.0,0.0,3
284,@FoxNews,-0.2732,Wed Jun 06 03:22:03 +0000 2018,0.819,0.181,0.0,4
285,@FoxNews,-0.25,Wed Jun 06 03:17:36 +0000 2018,0.882,0.118,0.0,5
286,@FoxNews,0.0,Wed Jun 06 03:12:06 +0000 2018,1.0,0.0,0.0,6
287,@FoxNews,0.0,Wed Jun 06 03:05:42 +0000 2018,1.0,0.0,0.0,7
288,@FoxNews,-0.296,Wed Jun 06 03:00:40 +0000 2018,0.82,0.18,0.0,8
289,@FoxNews,0.0762,Wed Jun 06 02:52:46 +0000 2018,0.788,0.1,0.112,9
290,@FoxNews,0.0,Wed Jun 06 02:46:09 +0000 2018,1.0,0.0,0.0,10
291,@FoxNews,0.0,Wed Jun 06 02:38:42 +0000 2018,1.0,0.0,0.0,11
292,@FoxNews,0.0,Wed Jun 06 02:36:00 +0000 2018,1.0,0.0,0.0,12
293,@FoxNews,0.0,Wed Jun 06 02:33:14 +0000 2018,1.0,0.0,0.0,13
294,@FoxNews,0.5994,Wed Jun 06 02:25:37 +0000 2018,0.766,0.0,0.234,14
295,@FoxNews,0.0,Wed Jun 06 02:17:35 +0000 2018,1.0,0.0,0.0,15
296,@FoxNews,0.0,Wed Jun 06 02:09:01 +0000 2018,1.0,0.0,0.0,16
297,@FoxNews,0.5994,Wed Jun 06 01:55:13 +0000 2018,0.794,0.0,0.206,17
298,@FoxNews,0.4404,Wed Jun 06 01:46:45 +0000 2018,0.805,0.0,0.195,18
299,@FoxNews,-0.6705,Wed Jun 06 01:43:28 +0000 2018,0.667,0.333,0.0,19
300,@nytimes,0.0,Wed Jun 06 01:33:04 +0000 2018,1.0,0.0,0.0,0
301,@nytimes,0.0,Wed Jun 06 01:28:06 +0000 2018,1.0,0.0,0.0,1
302,@nytimes,0.0,Wed Jun 06 01:14:06 +0000 2018,1.0,0.0,0.0,2
303,@nytimes,0.0,Wed Jun 06 01:05:02 +0000 2018,1.0,0.0,0.0,3
304,@nytimes,0.0,Wed Jun 06 01:02:02 +0000 2018,1.0,0.0,0.0,4
305,@nytimes,0.25,Wed Jun 06 00:47:05 +0000 2018,0.917,0.0,0.083,5
306,@nytimes,0.0,Wed Jun 06 00:37:05 +0000 2018,1.0,0.0,0.0,6
307,@nytimes,-0.34,Wed Jun 06 00:27:05 +0000 2018,0.78,0.142,0.078,7
308,@nytimes,-0.7964,Wed Jun 06 00:17:03 +0000 2018,0.728,0.272,0.0,8
309,@nytimes,0.0,Wed Jun 06 00:02:05 +0000 2018,1.0,0.0,0.0,9
310,@nytimes,0.296,Tue Jun 05 23:47:03 +0000 2018,0.891,0.0,0.109,10
311,@nytimes,0.4215,Tue Jun 05 23:32:07 +0000 2018,0.872,0.0,0.128,11
312,@nytimes,0.4767,Tue Jun 05 23:21:03 +0000 2018,0.86,0.0,0.14,12
313,@nytimes,0.0,Tue Jun 05 23:11:30 +0000 2018,1.0,0.0,0.0,13
314,@nytimes,0.0,Tue Jun 05 23:02:03 +0000 2018,1.0,0.0,0.0,14
315,@nytimes,-0.0227,Tue Jun 05 22:51:03 +0000 2018,0.837,0.083,0.079,15
316,@nytimes,0.128,Tue Jun 05 22:41:04 +0000 2018,0.779,0.1,0.121,16
317,@nytimes,0.0,Tue Jun 05 22:27:05 +0000 2018,1.0,0.0,0.0,17
318,@nytimes,0.0,Tue Jun 05 22:12:02 +0000 2018,1.0,0.0,0.0,18
319,@nytimes,-0.296,Tue Jun 05 21:58:03 +0000 2018,0.905,0.095,0.0,19
320,@nytimes,0.0,Tue Jun 05 21:46:06 +0000 2018,1.0,0.0,0.0,0
321,@nytimes,-0.561,Tue Jun 05 21:27:05 +0000 2018,0.805,0.195,0.0,1
322,@nytimes,0.4767,Tue Jun 05 21:12:02 +0000 2018,0.83,0.0,0.17,2
323,@nytimes,0.0,Tue Jun 05 21:03:46 +0000 2018,1.0,0.0,0.0,3
324,@nytimes,-0.7579,Tue Jun 05 21:03:05 +0000 2018,0.735,0.265,0.0,4
325,@nytimes,-0.4019,Tue Jun 05 20:55:04 +0000 2018,0.723,0.173,0.104,5
326,@nytimes,0.0,Tue Jun 05 20:40:03 +0000 2018,1.0,0.0,0.0,6
327,@nytimes,0.8126,Tue Jun 05 20:33:45 +0000 2018,0.72,0.0,0.28,7
328,@nytimes,-0.1531,Tue Jun 05 20:25:03 +0000 2018,0.918,0.082,0.0,8
329,@nytimes,0.0,Tue Jun 05 20:10:09 +0000 2018,1.0,0.0,0.0,9
330,@nytimes,-0.3818,Tue Jun 05 19:57:02 +0000 2018,0.833,0.167,0.0,10
331,@nytimes,0.1779,Tue Jun 05 19:47:04 +0000 2018,0.843,0.064,0.092,11
332,@nytimes,0.0,Tue Jun 05 19:37:04 +0000 2018,1.0,0.0,0.0,12
333,@nytimes,0.0,Tue Jun 05 19:31:08 +0000 2018,1.0,0.0,0.0,13
334,@nytimes,0.6486,Tue Jun 05 19:27:03 +0000 2018,0.751,0.0,0.249,14
335,@nytimes,-0.128,Tue Jun 05 19:17:05 +0000 2018,0.837,0.094,0.069,15
336,@nytimes,0.0,Tue Jun 05 19:07:04 +0000 2018,1.0,0.0,0.0,16
337,@nytimes,-0.7506,Tue Jun 05 18:57:06 +0000 2018,0.714,0.286,0.0,17
338,@nytimes,0.34,Tue Jun 05 18:47:04 +0000 2018,0.888,0.0,0.112,18
339,@nytimes,-0.7818,Tue Jun 05 18:37:02 +0000 2018,0.671,0.329,0.0,19
340,@nytimes,0.4939,Tue Jun 05 18:27:03 +0000 2018,0.842,0.0,0.158,0
341,@nytimes,-0.34,Tue Jun 05 18:17:01 +0000 2018,0.912,0.088,0.0,1
342,@nytimes,0.0,Tue Jun 05 18:09:45 +0000 2018,1.0,0.0,0.0,2
343,@nytimes,-0.5106,Tue Jun 05 18:07:06 +0000 2018,0.837,0.163,0.0,3
344,@nytimes,-0.5526,Tue Jun 05 17:47:01 +0000 2018,0.612,0.278,0.11,4
345,@nytimes,0.0,Tue Jun 05 17:37:04 +0000 2018,1.0,0.0,0.0,5
346,@nytimes,-0.4215,Tue Jun 05 17:27:04 +0000 2018,0.746,0.16,0.093,6
347,@nytimes,0.0,Tue Jun 05 17:17:03 +0000 2018,1.0,0.0,0.0,7
348,@nytimes,0.4456,Tue Jun 05 17:07:02 +0000 2018,0.722,0.084,0.195,8
349,@nytimes,-0.6369,Tue Jun 05 16:53:04 +0000 2018,0.736,0.213,0.05,9
350,@nytimes,0.0,Tue Jun 05 16:42:28 +0000 2018,1.0,0.0,0.0,10
351,@nytimes,0.0,Tue Jun 05 16:37:04 +0000 2018,1.0,0.0,0.0,11
352,@nytimes,-0.6486,Tue Jun 05 16:28:22 +0000 2018,0.807,0.193,0.0,12
353,@nytimes,-0.3818,Tue Jun 05 16:17:03 +0000 2018,0.88,0.12,0.0,13
354,@nytimes,-0.0516,Tue Jun 05 16:07:05 +0000 2018,0.93,0.07,0.0,14
355,@nytimes,0.0,Tue Jun 05 15:57:04 +0000 2018,1.0,0.0,0.0,15
356,@nytimes,0.0,Tue Jun 05 15:47:04 +0000 2018,1.0,0.0,0.0,16
357,@nytimes,0.7684,Tue Jun 05 15:37:04 +0000 2018,0.75,0.0,0.25,17
358,@nytimes,0.0,Tue Jun 05 15:27:57 +0000 2018,1.0,0.0,0.0,18
359,@nytimes,0.0,Tue Jun 05 15:19:45 +0000 2018,1.0,0.0,0.0,19
360,@nytimes,0.2584,Tue Jun 05 15:17:05 +0000 2018,0.903,0.0,0.097,0
361,@nytimes,0.25,Tue Jun 05 15:12:37 +0000 2018,0.882,0.0,0.118,1
362,@nytimes,-0.5106,Tue Jun 05 15:07:08 +0000 2018,0.823,0.177,0.0,2
363,@nytimes,0.2247,Tue Jun 05 14:57:05 +0000 2018,0.9,0.0,0.1,3
364,@nytimes,0.0,Tue Jun 05 14:47:05 +0000 2018,1.0,0.0,0.0,4
365,@nytimes,0.6369,Tue Jun 05 14:36:04 +0000 2018,0.658,0.0,0.342,5
366,@nytimes,-0.7964,Tue Jun 05 14:26:03 +0000 2018,0.627,0.299,0.074,6
367,@nytimes,0.0,Tue Jun 05 14:16:08 +0000 2018,1.0,0.0,0.0,7
368,@nytimes,-0.8225,Tue Jun 05 13:59:02 +0000 2018,0.556,0.444,0.0,8
369,@nytimes,0.0,Tue Jun 05 13:50:05 +0000 2018,1.0,0.0,0.0,9
370,@nytimes,0.0,Tue Jun 05 13:41:03 +0000 2018,1.0,0.0,0.0,10
371,@nytimes,0.5994,Tue Jun 05 13:30:04 +0000 2018,0.794,0.0,0.206,11
372,@nytimes,-0.2023,Tue Jun 05 13:14:05 +0000 2018,0.913,0.087,0.0,12
373,@nytimes,0.0,Tue Jun 05 13:00:12 +0000 2018,1.0,0.0,0.0,13
374,@nytimes,0.7506,Tue Jun 05 12:44:02 +0000 2018,0.67,0.0,0.33,14
375,@nytimes,0.7351,Tue Jun 05 12:30:08 +0000 2018,0.629,0.077,0.294,15
376,@nytimes,0.4215,Tue Jun 05 12:14:03 +0000 2018,0.726,0.081,0.194,16
377,@nytimes,0.0,Tue Jun 05 12:00:11 +0000 2018,1.0,0.0,0.0,17
378,@nytimes,0.0,Tue Jun 05 11:44:02 +0000 2018,1.0,0.0,0.0,18
379,@nytimes,0.0762,Tue Jun 05 11:31:05 +0000 2018,0.903,0.0,0.097,19
380,@nytimes,-0.34,Tue Jun 05 11:14:03 +0000 2018,0.735,0.167,0.098,0
381,@nytimes,-0.296,Tue Jun 05 11:00:07 +0000 2018,0.756,0.147,0.097,1
382,@nytimes,-0.6908,Tue Jun 05 10:45:05 +0000 2018,0.817,0.183,0.0,2
383,@nytimes,0.0,Tue Jun 05 10:31:08 +0000 2018,1.0,0.0,0.0,3
384,@nytimes,0.802,Tue Jun 05 10:14:04 +0000 2018,0.66,0.0,0.34,4
385,@nytimes,0.0,Tue Jun 05 10:00:08 +0000 2018,1.0,0.0,0.0,5
386,@nytimes,0.0,Tue Jun 05 09:45:00 +0000 2018,1.0,0.0,0.0,6
387,@nytimes,0.4019,Tue Jun 05 09:40:00 +0000 2018,0.863,0.0,0.137,7
388,@nytimes,0.0,Tue Jun 05 09:35:00 +0000 2018,1.0,0.0,0.0,8
389,@nytimes,0.3182,Tue Jun 05 09:30:14 +0000 2018,0.874,0.0,0.126,9
390,@nytimes,0.6597,Tue Jun 05 09:15:06 +0000 2018,0.652,0.078,0.27,10
391,@nytimes,0.0,Tue Jun 05 09:00:12 +0000 2018,1.0,0.0,0.0,11
392,@nytimes,0.0,Tue Jun 05 08:46:01 +0000 2018,1.0,0.0,0.0,12
393,@nytimes,0.5719,Tue Jun 05 08:31:04 +0000 2018,0.736,0.052,0.212,13
394,@nytimes,0.5719,Tue Jun 05 08:15:03 +0000 2018,0.85,0.0,0.15,14
395,@nytimes,0.0,Tue Jun 05 08:02:07 +0000 2018,1.0,0.0,0.0,15
396,@nytimes,-0.5574,Tue Jun 05 07:47:05 +0000 2018,0.841,0.159,0.0,16
397,@nytimes,0.1027,Tue Jun 05 07:32:02 +0000 2018,0.92,0.0,0.08,17
398,@nytimes,-0.9186,Tue Jun 05 07:17:03 +0000 2018,0.586,0.414,0.0,18
399,@nytimes,0.0,Tue Jun 05 07:02:07 +0000 2018,1.0,0.0,0.0,19
400,@CNN,0.6369,Tue Jun 05 06:46:04 +0000 2018,0.794,0.0,0.206,0
401,@CNN,0.0,Tue Jun 05 06:45:04 +0000 2018,1.0,0.0,0.0,1
402,@CNN,-0.2263,Tue Jun 05 06:30:07 +0000 2018,0.853,0.147,0.0,2
403,@CNN,-0.296,Tue Jun 05 06:26:00 +0000 2018,0.891,0.109,0.0,3
404,@CNN,0.4466,Tue Jun 05 06:15:06 +0000 2018,0.866,0.0,0.134,4
405,@CNN,0.0,Tue Jun 05 06:08:00 +0000 2018,1.0,0.0,0.0,5
406,@CNN,-0.7269,Tue Jun 05 06:02:26 +0000 2018,0.647,0.353,0.0,6
407,@CNN,0.4728,Tue Jun 05 05:55:03 +0000 2018,0.854,0.0,0.146,7
408,@CNN,0.0,Tue Jun 05 05:54:15 +0000 2018,1.0,0.0,0.0,8
409,@CNN,0.1027,Tue Jun 05 05:45:35 +0000 2018,0.92,0.0,0.08,9
410,@CNN,0.0,Tue Jun 05 05:41:00 +0000 2018,1.0,0.0,0.0,10
411,@CNN,-0.3182,Tue Jun 05 05:15:08 +0000 2018,0.827,0.173,0.0,11
412,@CNN,0.6908,Tue Jun 05 05:08:07 +0000 2018,0.637,0.0,0.363,12
413,@CNN,0.0,Tue Jun 05 05:00:14 +0000 2018,1.0,0.0,0.0,13
414,@CNN,0.5106,Tue Jun 05 04:46:05 +0000 2018,0.622,0.086,0.292,14
415,@CNN,0.0,Tue Jun 05 04:38:00 +0000 2018,1.0,0.0,0.0,15
416,@CNN,-0.0191,Tue Jun 05 04:31:03 +0000 2018,0.929,0.071,0.0,16
417,@CNN,-0.0557,Tue Jun 05 04:16:08 +0000 2018,0.806,0.102,0.093,17
418,@CNN,0.0,Tue Jun 05 04:08:00 +0000 2018,1.0,0.0,0.0,18
419,@CNN,0.0,Tue Jun 05 04:01:04 +0000 2018,1.0,0.0,0.0,19
420,@CNN,0.0,Tue Jun 05 03:46:04 +0000 2018,1.0,0.0,0.0,0
421,@CNN,0.0258,Tue Jun 05 03:31:02 +0000 2018,0.809,0.094,0.098,1
422,@CNN,0.431,Tue Jun 05 03:16:07 +0000 2018,0.839,0.0,0.161,2
423,@CNN,0.2714,Tue Jun 05 03:01:06 +0000 2018,0.823,0.0,0.177,3
424,@CNN,0.0,Tue Jun 05 03:01:06 +0000 2018,1.0,0.0,0.0,4
425,@CNN,0.2732,Tue Jun 05 02:47:16 +0000 2018,0.884,0.0,0.116,5
426,@CNN,0.6124,Tue Jun 05 02:30:00 +0000 2018,0.75,0.0,0.25,6
427,@CNN,0.0,Tue Jun 05 02:25:21 +0000 2018,1.0,0.0,0.0,7
428,@CNN,0.0,Tue Jun 05 02:20:00 +0000 2018,1.0,0.0,0.0,8
429,@CNN,0.2263,Tue Jun 05 02:10:00 +0000 2018,0.924,0.0,0.076,9
430,@CNN,-0.7351,Tue Jun 05 02:00:17 +0000 2018,0.744,0.256,0.0,10
431,@CNN,0.0,Tue Jun 05 01:51:28 +0000 2018,1.0,0.0,0.0,11
432,@CNN,-0.3818,Tue Jun 05 01:50:23 +0000 2018,0.783,0.217,0.0,12
433,@CNN,0.3182,Tue Jun 05 01:48:01 +0000 2018,0.887,0.0,0.113,13
434,@CNN,0.0,Tue Jun 05 01:42:14 +0000 2018,1.0,0.0,0.0,14
435,@CNN,0.3182,Tue Jun 05 01:38:39 +0000 2018,0.874,0.0,0.126,15
436,@CNN,-0.5994,Tue Jun 05 01:32:01 +0000 2018,0.843,0.157,0.0,16
437,@CNN,-0.3818,Tue Jun 05 01:28:56 +0000 2018,0.795,0.205,0.0,17
438,@CNN,0.0,Tue Jun 05 01:26:48 +0000 2018,1.0,0.0,0.0,18
439,@CNN,0.128,Tue Jun 05 01:17:24 +0000 2018,0.766,0.105,0.129,19
440,@CNN,-0.7003,Tue Jun 05 01:12:49 +0000 2018,0.766,0.234,0.0,0
441,@CNN,-0.4767,Tue Jun 05 01:01:38 +0000 2018,0.866,0.134,0.0,1
442,@CNN,0.0,Tue Jun 05 01:00:53 +0000 2018,1.0,0.0,0.0,2
443,@CNN,0.0,Tue Jun 05 00:52:03 +0000 2018,1.0,0.0,0.0,3
444,@CNN,0.0,Tue Jun 05 00:44:42 +0000 2018,1.0,0.0,0.0,4
445,@CNN,0.2263,Tue Jun 05 00:35:24 +0000 2018,0.872,0.0,0.128,5
446,@CNN,0.2263,Tue Jun 05 00:32:04 +0000 2018,0.888,0.0,0.112,6
447,@CNN,0.0,Tue Jun 05 00:28:11 +0000 2018,1.0,0.0,0.0,7
448,@CNN,0.0,Tue Jun 05 00:16:31 +0000 2018,1.0,0.0,0.0,8
449,@CNN,0.0,Tue Jun 05 00:15:22 +0000 2018,1.0,0.0,0.0,9
450,@CNN,-0.891,Tue Jun 05 00:06:05 +0000 2018,0.629,0.371,0.0,10
451,@CNN,0.0,Tue Jun 05 00:01:10 +0000 2018,1.0,0.0,0.0,11
452,@CNN,0.0,Mon Jun 04 23:56:05 +0000 2018,1.0,0.0,0.0,12
453,@CNN,0.3182,Mon Jun 04 23:53:45 +0000 2018,0.887,0.0,0.113,13
454,@CNN,0.0,Mon Jun 04 23:51:05 +0000 2018,1.0,0.0,0.0,14
455,@CNN,0.4939,Mon Jun 04 23:46:22 +0000 2018,0.833,0.0,0.167,15
456,@CNN,0.4215,Mon Jun 04 23:44:35 +0000 2018,0.613,0.132,0.255,16
457,@CNN,-0.4767,Mon Jun 04 23:43:58 +0000 2018,0.829,0.171,0.0,17
458,@CNN,0.0,Mon Jun 04 23:41:15 +0000 2018,1.0,0.0,0.0,18
459,@CNN,0.0,Mon Jun 04 23:31:19 +0000 2018,1.0,0.0,0.0,19
460,@CNN,0.0,Mon Jun 04 23:27:06 +0000 2018,1.0,0.0,0.0,0
461,@CNN,0.4939,Mon Jun 04 23:26:08 +0000 2018,0.738,0.0,0.262,1
462,@CNN,0.0,Mon Jun 04 23:23:52 +0000 2018,1.0,0.0,0.0,2
463,@CNN,0.0,Mon Jun 04 23:22:00 +0000 2018,1.0,0.0,0.0,3
464,@CNN,0.0,Mon Jun 04 23:18:06 +0000 2018,1.0,0.0,0.0,4
465,@CNN,0.0,Mon Jun 04 23:02:25 +0000 2018,1.0,0.0,0.0,5
466,@CNN,-0.7269,Mon Jun 04 23:01:50 +0000 2018,0.647,0.353,0.0,6
467,@CNN,-0.6808,Mon Jun 04 23:00:57 +0000 2018,0.69,0.254,0.056,7
468,@CNN,0.6369,Mon Jun 04 22:47:54 +0000 2018,0.785,0.0,0.215,8
469,@CNN,-0.4404,Mon Jun 04 22:47:34 +0000 2018,0.854,0.146,0.0,9
470,@CNN,-0.4404,Mon Jun 04 22:39:49 +0000 2018,0.804,0.196,0.0,10
471,@CNN,0.0,Mon Jun 04 22:31:16 +0000 2018,1.0,0.0,0.0,11
472,@CNN,0.5574,Mon Jun 04 22:18:55 +0000 2018,0.816,0.0,0.184,12
473,@CNN,-0.2263,Mon Jun 04 22:11:08 +0000 2018,0.905,0.095,0.0,13
474,@CNN,-0.5859,Mon Jun 04 22:01:04 +0000 2018,0.73,0.27,0.0,14
475,@CNN,0.3612,Mon Jun 04 22:00:59 +0000 2018,0.878,0.0,0.122,15
476,@CNN,-0.3612,Mon Jun 04 21:56:35 +0000 2018,0.884,0.116,0.0,16
477,@CNN,0.0,Mon Jun 04 21:48:56 +0000 2018,1.0,0.0,0.0,17
478,@CNN,0.3182,Mon Jun 04 21:36:03 +0000 2018,0.628,0.126,0.246,18
479,@CNN,-0.4549,Mon Jun 04 21:33:05 +0000 2018,0.834,0.166,0.0,19
480,@CNN,-0.1027,Mon Jun 04 21:27:09 +0000 2018,0.702,0.18,0.118,0
481,@CNN,0.0,Mon Jun 04 21:21:06 +0000 2018,1.0,0.0,0.0,1
482,@CNN,0.3804,Mon Jun 04 21:16:09 +0000 2018,0.885,0.0,0.115,2
483,@CNN,0.2023,Mon Jun 04 21:11:03 +0000 2018,0.909,0.0,0.091,3
484,@CNN,-0.1531,Mon Jun 04 21:06:05 +0000 2018,0.89,0.11,0.0,4
485,@CNN,0.3818,Mon Jun 04 21:00:24 +0000 2018,0.86,0.0,0.14,5
486,@CNN,-0.5267,Mon Jun 04 20:56:37 +0000 2018,0.588,0.289,0.123,6
487,@CNN,0.0,Mon Jun 04 20:47:57 +0000 2018,1.0,0.0,0.0,7
488,@CNN,0.4767,Mon Jun 04 20:29:42 +0000 2018,0.846,0.0,0.154,8
489,@CNN,-0.0191,Mon Jun 04 20:25:28 +0000 2018,0.924,0.076,0.0,9
490,@CNN,-0.5574,Mon Jun 04 20:18:27 +0000 2018,0.765,0.235,0.0,10
491,@CNN,0.0,Mon Jun 04 20:16:47 +0000 2018,1.0,0.0,0.0,11
492,@CNN,-0.7845,Mon Jun 04 20:07:45 +0000 2018,0.743,0.257,0.0,12
493,@CNN,-0.3182,Mon Jun 04 20:07:33 +0000 2018,0.901,0.099,0.0,13
494,@CNN,-0.1174,Mon Jun 04 19:57:18 +0000 2018,0.798,0.113,0.09,14
495,@CNN,-0.4404,Mon Jun 04 19:50:01 +0000 2018,0.868,0.132,0.0,15
496,@CNN,0.7506,Mon Jun 04 19:46:05 +0000 2018,0.701,0.0,0.299,16
497,@CNN,0.0397,Mon Jun 04 19:36:17 +0000 2018,0.809,0.092,0.098,17
498,@CNN,-0.2023,Mon Jun 04 19:35:41 +0000 2018,0.921,0.079,0.0,18
499,@CNN,0.0,Mon Jun 04 19:32:10 +0000 2018,1.0,0.0,0.0,19
